<?xml version="1.0" encoding="UTF-8"?>
<metadata>
<idinfo>
<citation>
<citeinfo>
<origin>RI historic preservation comm</origin>
<origin>RIGIS</origin>
<pubdate>19950301</pubdate>
<title>Historic Sites of Rhode Island; s44chs99</title>
<geoform>vector digital data</geoform>
<pubinfo>
<pubplace>Providence, Rhode Island</pubplace>
<publish>RIGIS</publish>
</pubinfo>
<othercit>Suggested bibliographic reference: RIGIS, 1995. Historic Sites of Rhode Island; s44chs99. Rhode Island Geographic Information System (RIGIS) Data Distribution System, URL: http://www.rigis.org, Environmental Data Center, University of Rhode Island, Kingston, Rhode Island (last date accessed: 9 October 2014).</othercit>
<onlink>http://www.rigis.org</onlink>
<lworkcit>
<citeinfo>
<origin>RIGIS</origin>
<pubdate>1995</pubdate>
<title>RIGIS Database</title>
<geoform>vector digital data</geoform>
<onlink>http://www.rigis.org</onlink>
</citeinfo>
</lworkcit>
</citeinfo>
</citation>
<descript>
<abstract>historic site point building property or monument listed on the national register of historic places by the RI historic preservation commission</abstract>
<purpose>state wide geographic inventory</purpose>
</descript>
<timeperd>
<timeinfo>
<sngdate>
<caldate>1995</caldate>
</sngdate>
</timeinfo>
<current>publication date</current>
</timeperd>
<status>
<progress>Complete</progress>
<update>None planned</update>
</status>
<spdom>
<bounding>
<westbc>-71.862125</westbc>
<eastbc>-71.166328</eastbc>
<northbc>42.013780</northbc>
<southbc>41.178053</southbc>
</bounding>
</spdom>
<keywords>
<theme>
<themekt>ISO 19115 Topic Category</themekt>
<themekey>society</themekey>
</theme>
<theme>
<themekt>None</themekt>
<themekey>historic site</themekey>
<themekey>point</themekey>
<themekey>building</themekey>
<themekey>property</themekey>
<themekey>monument</themekey>
</theme>
<place>
<placekt>GNIS</placekt>
<placekey>United States</placekey>
<placekey>Rhode Island</placekey>
<placekey>northeast</placekey>
<placekey>New England</placekey>
</place>
</keywords>
<accconst>None.</accconst>
<useconst>
This dataset is provided 'as is.’  The producer(s) of this dataset, contributors to this dataset, the Rhode Island Geographic Information System (RIGIS) consortium, the State of Rhode Island, and the University of Rhode Island do not make any warranties of any kind for this dataset, and are not liable for any loss or damage however and whenever caused by any use of this dataset.
Please acknowledge both RIGIS and the primary producer(s) of this dataset in any derived products.  Versions of the RIGIS logo suitable for both printed and web-based products are available at http://www.rigis.org/logos.
</useconst>
<ptcontac>
<cntinfo>
<cntperp>
<cntper>n/a</cntper>
<cntorg>RI Dept of Administration-Statewide Planning</cntorg>
</cntperp>
<cntpos>RIGIS Coordinator</cntpos>
<cntaddr>
<addrtype>mailing and physical address</addrtype>
<address>1 Capitol Hill - Planning</address>
<city>Providence</city>
<state>RI</state>
<postal>02908-5872</postal>
</cntaddr>
<cntvoice>401-22-6483</cntvoice>
<cntfax>401-222-6482</cntfax>
<cntemail>rigis@admin.ri.gov</cntemail>
<hours>8-4 EST M-F</hours>
<cntinst>Email Preferred</cntinst>
</cntinfo>
</ptcontac>
<datacred>RIHPC; RIGIS</datacred>
<native>Microsoft Windows XP Version 5.1 (Build 2600) Service Pack 3; ESRI ArcCatalog 9.3.0.1770</native>
</idinfo>
<dataqual>
<attracc>
<attraccr>RIGIS standards 99 percent; visual inspection of attribute lists</attraccr>
</attracc>
<logic>visual inspection of attribute lists; visual inspection of proof maps</logic>
<complete>RIGIS standards rms-005 fuzzy-002; topologically complete arc-info point coverage</complete>
<posacc>
<horizpa>
<horizpar>plus or minus 200 feet; visual inspection of proof maps</horizpar>
</horizpa>
</posacc>
<lineage>
<srcinfo>
<srccite>
<citeinfo>
<origin>RI historic preservation comm</origin>
<pubdate>199502</pubdate>
<title>national register of historic places</title>
</citeinfo>
</srccite>
<srcscale>24000</srcscale>
<typesrc>paper</typesrc>
<srctime>
<timeinfo>
<sngdate>
<caldate>1995</caldate>
</sngdate>
</timeinfo>
<srccurr>publication date</srccurr>
</srctime>
<srccitea>RIHPC</srccitea>
<srccontr>Provided Data</srccontr>
</srcinfo>
<procstep>
<procdesc>Points located on paper maps by rihpc-ridoa-dop were transferred to Mylar quads-1989 dig from tablets-1995 update on-screen digitizing</procdesc>
<procdate>199502</procdate>
</procstep>
<procstep>
<procdesc>Updated Point of Contact information for this dataset from "RIGIS Coordinator" to "Shane White."</procdesc>
<procdate>20150528</procdate>
<proccont>
<cntinfo>
<cntorgp>
<cntorg>University of Rhode Island Environmental Data Center</cntorg>
<cntper>Erica Tefft</cntper>
</cntorgp>
<cntpos>Research Associate</cntpos>
<cntaddr>
<addrtype>mailing and physical address</addrtype>
<address>Coastal Institute</address>
<address>1 Greenhouse Road</address>
<city>Kingston</city>
<state>RI</state>
<postal>02881</postal>
</cntaddr>
<cntvoice>401-874-5054</cntvoice>
<cntemail>erica@edc.uri.edu</cntemail>
</cntinfo>
</proccont>
</procstep>
</lineage>
</dataqual>
<spdoinfo>
<direct>Vector</direct>
<ptvctinf>
<sdtsterm>
<sdtstype>Entity point</sdtstype>
<ptvctcnt>381</ptvctcnt>
</sdtsterm>
<sdtsterm>
<sdtstype>Point</sdtstype>
<ptvctcnt>4</ptvctcnt>
</sdtsterm>
</ptvctinf>
</spdoinfo>
<spref>
<horizsys>
<planar>
<gridsys>
<gridsysn>State Plane Coordinate System</gridsysn>
<spcs>
<spcszone>3800</spcszone>
<transmer>
<sfctrmer>0.999994</sfctrmer>
<longcm>-71.500000</longcm>
<latprjo>41.083333</latprjo>
<feast>328083.333333</feast>
<fnorth>0.000000</fnorth>
</transmer>
</spcs>
</gridsys>
<planci>
<plance>coordinate pair</plance>
<coordrep>
<absres>0.000512</absres>
<ordres>0.000512</ordres>
</coordrep>
<plandu>survey feet</plandu>
</planci>
</planar>
<geodetic>
<horizdn>North American Datum of 1983</horizdn>
<ellips>Geodetic Reference System 80</ellips>
<semiaxis>6378137.000000</semiaxis>
<denflat>298.257222</denflat>
</geodetic>
</horizsys>
<vertdef>
<altsys>
<altres>0.000010</altres>
<altenc>Explicit elevation coordinate included with horizontal coordinates</altenc>
</altsys>
</vertdef>
</spref>
<eainfo>
<detailed>
<enttyp>
<enttypl>Historic_Sites</enttypl>
</enttyp>
<attr>
<attrlabl>Shape</attrlabl>
<attrdef>Feature geometry.</attrdef>
<attrdefs>ESRI</attrdefs>
<attrdomv>
<udom>Coordinates defining the features.</udom>
</attrdomv>
</attr>
<attr>
<attrlabl>TOWN</attrlabl>
<attrdef>town in which point located</attrdef>
<attrdefs>ri historic preservation comm</attrdefs>
<attrdomv>
<udom>Free text field.</udom>
</attrdomv>
</attr>
<attr>
<attrlabl>OBJECTID</attrlabl>
<attrdef>Internal feature number.</attrdef>
<attrdefs>ESRI</attrdefs>
<attrdomv>
<udom>Sequential unique whole numbers that are automatically generated.</udom>
</attrdomv>
</attr>
<attr>
<attrlabl>CODE</attrlabl>
<attrdef>first 2-town osp code last 3-seqential number</attrdef>
<attrdefs>ri historic preservation comm</attrdefs>
<attrdomv>
<rdom>
<rdommin>01003</rdommin>
<rdommax>39030</rdommax>
</rdom>
</attrdomv>
</attr>
<attr>
<attrlabl>GlobalID</attrlabl>
</attr>
<attr>
<attrlabl>NAME</attrlabl>
<attrdef>official name as shown on national register</attrdef>
<attrdefs>ri historic preservation comm</attrdefs>
<attrdomv>
<udom>Free text field.</udom>
</attrdomv>
</attr>
</detailed>
</eainfo>
<distinfo>
<distrib>
<cntinfo>
<cntorgp>
<cntorg>University of Rhode Island Environmental Data Center</cntorg>
<cntper>Erica Tefft</cntper>
</cntorgp>
<cntaddr>
<addrtype>mailing and physical</addrtype>
<address>1 Greenhouse Road</address>
<city>Kingston</city>
<state>RI</state>
<postal>02881</postal>
</cntaddr>
<cntvoice>401-874-5054</cntvoice>
<cntemail>erica@edc.uri.edu</cntemail>
<cntinst>email preferred</cntinst>
</cntinfo>
</distrib>
<distliab>This dataset is provided 'as is.'  The producer(s) of this dataset, contributors to this dataset, the Rhode Island Geographic Information System (RIGIS) consortium, the State of Rhode Island, and the University of Rhode Island do not make any warranties of any kind for this dataset, and are not liable for any loss or damage however and whenever caused by any use of this dataset.</distliab>
<stdorder>
<digform>
<digtinfo>
<formname>Esri shapefile</formname>
<filedec>ZIP</filedec>
</digtinfo>
<digtopt>
<onlinopt>
<computer>
<networka>
<networkr>http://www.rigis.org</networkr>
</networka>
</computer>
</onlinopt>
</digtopt>
</digform>
<fees>No fee for downloading directly from the RIGIS Data Distribution System located at http://www.rigis.org.</fees>
</stdorder>
</distinfo>
<metainfo>
<metd>20070628</metd>
<metc>
<cntinfo>
<cntorgp>
<cntorg>RI Department of Administration; Division of Information Technology</cntorg>
<cntper>REQUIRED: The person responsible for the metadata information.</cntper>
</cntorgp>
<cntpos>RIGIS Coordinator</cntpos>
<cntaddr>
<addrtype>mailing address</addrtype>
<address>1 Capitol Hill</address>
<city>Providence</city>
<state>Rhode Island</state>
<postal>02908</postal>
<country>USA</country>
</cntaddr>
<cntvoice>401-222-6483</cntvoice>
<cntfax>401-222-6482</cntfax>
<cntemail>rigis@admin.ri.gov</cntemail>
<hours>8:00 - 3:30</hours>
<cntinst>E-mail preferred</cntinst>
</cntinfo>
</metc>
<metstdn>FGDC Content Standards for Digital Geospatial Metadata</metstdn>
<metstdv>FGDC-STD-001-1998</metstdv>
<mettc>local time</mettc>
<metextns>
<onlink>http://www.esri.com/metadata/esriprof80.html</onlink>
<metprof>ESRI Metadata Profile</metprof>
</metextns>
</metainfo>
</metadata>
