<?xml version="1.0" encoding="UTF-8"?>
<metadata xml:lang="en"><Esri><CreaDate>20230422</CreaDate><CreaTime>09500700</CreaTime><ArcGISFormat>1.0</ArcGISFormat><SyncOnce>TRUE</SyncOnce><DataProperties><lineage><Process ToolSource="c:\program files\arcgis\pro\Resources\ArcToolbox\toolboxes\Data Management Tools.tbx\Rename" Date="20230422" Time="095007">Rename C:\NRS_528\Coding_Challenges\NRS528_Justin\Toolbox_Final\input_data\histpnts.shp C:\NRS_528\Coding_Challenges\NRS528_Justin\Toolbox_Final\input_data\historical_points.shp ShapeFile</Process></lineage></DataProperties></Esri></metadata>
