<?xml version="1.0" encoding="UTF-8"?>
<metadata xml:lang="en"><Esri><CreaDate>20230422</CreaDate><CreaTime>09502800</CreaTime><ArcGISFormat>1.0</ArcGISFormat><SyncOnce>TRUE</SyncOnce><DataProperties><lineage><Process ToolSource="c:\program files\arcgis\pro\Resources\ArcToolbox\toolboxes\Data Management Tools.tbx\Rename" Date="20230422" Time="095028">Rename C:\NRS_528\Coding_Challenges\NRS528_Justin\Toolbox_Final\input_data\Streams5k.shp C:\NRS_528\Coding_Challenges\NRS528_Justin\Toolbox_Final\input_data\rivers_streams.shp ShapeFile</Process><Process ToolSource="c:\program files\arcgis\pro\Resources\ArcToolbox\toolboxes\Data Management Tools.tbx\Rename" Date="20230422" Time="095110">Rename C:\NRS_528\Coding_Challenges\NRS528_Justin\Toolbox_Final\input_data\rivers_streams.shp C:\NRS_528\Coding_Challenges\NRS528_Justin\Toolbox_Final\input_data\Streams5k.shp ShapeFile</Process></lineage></DataProperties></Esri></metadata>
