<?xml version="1.0" encoding="UTF-8"?><metadata><idinfo><citation><citeinfo><origin>RIDOT</origin><origin>RIGIS</origin><origin>RIDEM</origin><origin>RIDOA</origin><pubdate>20010601</pubdate><title>Freshwater Rivers and Streams; streams5k</title><geoform>vector digital data</geoform><pubinfo><pubplace>Providence, Rhode Island</pubplace><publish>RIGIS</publish></pubinfo><othercit>Suggested bibliographic reference: RIGIS, 2001. Freshwater Rivers and Streams; streams5k. Rhode Island Geographic Information System (RIGIS) Data Distribution System, URL: http://www.rigis.org, Environmental Data Center, University of Rhode Island, Kingston, Rhode Island (last date accessed: 2 October 2014).</othercit><onlink>http://www.rigis.org</onlink><lworkcit><citeinfo><origin>RIGIS</origin><pubdate>20010730</pubdate><title>Rhode Island Geographic Information System Database</title><pubinfo><pubplace>Kingston/Providence RI</pubplace><publish>RI Board of Governors for Higher Education</publish></pubinfo><onlink>http://www.rigis.org/</onlink></citeinfo></lworkcit></citeinfo></citation><descript><abstract>Freshwater river and stream centerline features depicted as vector line features as determined from 1:5000 scale aerial photography.</abstract><purpose>Inventory and mapping of fresh water bodies.</purpose><supplinf>Limitations due to scale, accuracy and completeness of source material should be kept in mind when using these data.
Strahler Stream Ordering was added in December, 2006.  Stream ordering is used in watershed analyses and for cartographic purposes.</supplinf></descript><timeperd><timeinfo><rngdates><begdate>19970427</begdate><enddate>19970429</enddate></rngdates></timeinfo><current>Current to dates of source material</current></timeperd><status><progress>Complete</progress><update>Irregular</update></status><spdom><bounding><westbc>-71.921856</westbc><eastbc>-71.105739</eastbc><northbc>42.043861</northbc><southbc>41.147684</southbc></bounding></spdom><keywords><theme><themekt>ISO 19115 Topic Category</themekt><themekey>inlandWaters</themekey><themekey>012</themekey></theme><theme><themekt>None</themekt><themekey>fresh water</themekey><themekey>hydrography</themekey><themekey>Hydrology</themekey><themekey>Centerlines</themekey><themekey>streams</themekey><themekey>rivers</themekey></theme><place><placekt>GNIS</placekt><placekey>United States</placekey><placekey>Rhode Island</placekey><placekey>northeast</placekey><placekey>New England</placekey></place></keywords><accconst>None.</accconst><useconst>This dataset is provided 'as is.’  The producer(s) of this dataset, contributors to this dataset, the Rhode Island Geographic Information System (RIGIS) consortium, the State of Rhode Island, and the University of Rhode Island do not make any warranties of any kind for this dataset, and are not liable for any loss or damage however and whenever caused by any use of this dataset.
Please acknowledge both RIGIS and the primary producer(s) of this dataset in any derived products.  Versions of the RIGIS logo suitable for both printed and web-based products are available at http://www.rigis.org/logos.</useconst><ptcontac><cntinfo><cntorgp><cntorg>Rhode Island Department of Environmental Management</cntorg><cntper>Paul Jordan</cntper></cntorgp><cntpos>Supervising GIS Specialist</cntpos><cntaddr><addrtype>mailing and physical address</addrtype><address>235 Promenade St</address><city>Providence</city><state>RI</state><postal>02908</postal></cntaddr><cntvoice>401-222-2776 x4315</cntvoice><cntemail>paul.jordan@dem.ri.gov</cntemail></cntinfo></ptcontac><browse><browsen>http://www.rigis.org/images/metadata/inlandWaters/5k_streams.gif</browsen><browset>GIF</browset></browse><datacred>RIGIS</datacred><native>Microsoft Windows XP Version 5.1 (Build 2600) Service Pack 2; ESRI ArcCatalog 9.2.2.1350</native></idinfo><dataqual><attracc><attraccr>Only ArcInfo software generated attribute data included</attraccr></attracc><logic>Topologically consistent ArcInfo line coverage</logic><complete>Complete for limitations of source interpretation for 1:5000 scale photography</complete><posacc><horizpa><horizpar>Considered spatially accurate to map accuracy for 1:5000 photography Estimated accuracy of 10-15 feet.</horizpar></horizpa></posacc><lineage><srcinfo><srccite><citeinfo><origin>National Grid</origin><origin>RIDOT</origin><pubdate>19910427</pubdate><title>RIGIS5KO source Aerial Photography</title><edition>1997</edition><geoform>Map</geoform><pubinfo><pubplace>Providence RI</pubplace><publish>RIDOT-RIGIS</publish></pubinfo><othercit></othercit><onlink>http://www.rigis.org</onlink><lworkcit></lworkcit></citeinfo></srccite><srcscale>5000</srcscale><typesrc>9"X9" Photopositives</typesrc><srctime><timeinfo><rngdates><begdate>19970427</begdate><enddate>19970429</enddate></rngdates></timeinfo><srccurr>publication date</srccurr></srctime><srccitea>RIGIS5KO</srccitea><srccitea>Aerial photography was used as sole primary source for digitizing</srccitea></srcinfo><procstep><procdesc>Hydrographic centerlines were manually digitized using CAD software by prime contractor (InterMap.  CAD generated line data was transformed and georegistered to ArcInfo ploygon coverages.</procdesc><procdate>20001101</procdate><srcprod>dem-hydropol-5k</srcprod><proccont><cntinfo><cntperp><cntper>GIS Manager</cntper><cntorg>RIDOT</cntorg></cntperp><cntpos>GIS Manager</cntpos><cntaddr><addrtype>mailing and physical address</addrtype><address>Two Capitol Hill</address><city>Providence</city><state>RI</state><postal>02903</postal></cntaddr><cntvoice>401-222-6935 ext 4485</cntvoice><cntemail>skut@dot.state.ri.us</cntemail><hours>M-F 8-4 est</hours></cntinfo></proccont></procstep><procstep><procdesc>Strahler Stream ordering was completed by the RI Dept of Environmental Management in December 2006 through a heads-up visual inspection and coding.</procdesc><procdate>20061215</procdate><proccont><cntinfo><cntperp><cntper>Paul Jordan</cntper><cntorg>RI Department of Environmental Management</cntorg></cntperp><cntpos>Supervising GIS Specialist</cntpos><cntaddr><addrtype>mailing and physical address</addrtype><address>235 Promenade Street</address><city>Providence</city><state>Rhode Island</state><postal>02908</postal><country>USA</country></cntaddr><cntvoice>401-222-2776</cntvoice><cntfax>401-222-2069</cntfax><cntemail>paul.jordan@dem.ri.gov</cntemail></cntinfo></proccont></procstep><procstep><procdesc>Added Point of Contact information for this dataset.</procdesc><procdate>20150601</procdate><proccont><cntinfo><cntorgp><cntorg>University of Rhode Island Environmental Data Center</cntorg><cntper>Erica Tefft</cntper></cntorgp><cntpos>Research Associate</cntpos><cntaddr><addrtype>mailing and physical address</addrtype><address>Coastal Institute</address><address>1 Greenhouse Road</address><city>Kingston</city><state>RI</state><postal>02881</postal></cntaddr><cntvoice>401-874-5054</cntvoice><cntemail>erica@edc.uri.edu</cntemail></cntinfo></proccont></procstep></lineage></dataqual><spdoinfo><direct>Vector</direct><ptvctinf><sdtsterm><sdtstype>String</sdtstype><ptvctcnt>7983</ptvctcnt></sdtsterm><sdtsterm><sdtstype>Point</sdtstype><ptvctcnt>4</ptvctcnt></sdtsterm><sdtsterm><sdtstype>Label point</sdtstype><ptvctcnt>0</ptvctcnt></sdtsterm></ptvctinf></spdoinfo><spref><horizsys><planar><gridsys><gridsysn>State Plane Coordinate System 1983</gridsysn><spcs><spcszone>3800</spcszone><transmer><sfctrmer>0.999994</sfctrmer><longcm>-71.500000</longcm><latprjo>41.083333</latprjo><feast>328083.333333</feast><fnorth>0.000000</fnorth></transmer></spcs></gridsys><planci><plance>coordinate pair</plance><coordrep><absres>0.000000</absres><ordres>0.000000</ordres></coordrep><plandu>survey feet</plandu></planci></planar><geodetic><horizdn>North American Datum of 1983</horizdn><ellips>Geodetic Reference System 80</ellips><semiaxis>6378137.000000</semiaxis><denflat>298.257222</denflat></geodetic></horizsys><vertdef><altsys><altres>0.000010</altres><altenc>Explicit elevation coordinate included with horizontal coordinates</altenc></altsys></vertdef></spref><eainfo><detailed><enttyp><enttypl>Streams5k</enttypl><enttypd>Arc Attribute Table</enttypd><enttypds>None</enttypds></enttyp><attr><attrlabl>Shape</attrlabl><attrdef>Feature geometry.</attrdef><attrdefs>ESRI</attrdefs><attrdomv><udom>Coordinates defining the features.</udom></attrdomv></attr><attr><attrlabl>FID</attrlabl><attrdef>Internal feature number.</attrdef><attrdefs>ESRI</attrdefs><attrdomv><udom>Sequential unique whole numbers that are automatically generated.</udom></attrdomv></attr><attr><attrlabl>StrmOrder</attrlabl><attrdef>Strahler's (1952) stream order system is a simple method of classifying stream segments based on the number of tributaries upstream. A stream with no tributaries (headwater stream) is considered a first order stream. A segment downstream of the confluence of two first order streams is a second order stream. Thus, a nth order stream is always located downstream of the confluence of two (n-1)th order streams. (A number of the 1st order streams may in fact be 0-order, intermittent flows.)</attrdef><attrdomv><edom><edomv>1</edomv><edomvd>First Order Stream - Smallest identifiable stream segment</edomvd><edomvds>Strahler</edomvds></edom><edom><edomv>2</edomv><edomvd>Second Order Stream - Formed by the confluence of first order streams</edomvd><edomvds>Strahler</edomvds></edom><edom><edomv>3</edomv><edomvd>Third Order Stream - Formed by the confluence of second order streams</edomvd><edomvds>Strahler</edomvds></edom><edom><edomv>4</edomv><edomvd>Fourth Order Stream - Formed by the confluence of third order streams</edomvd><edomvds>Strahler</edomvds></edom><edom><edomv>5</edomv><edomvd>Fifth Order Stream - Formed by the confluence of fourth order streams</edomvd><edomvds>Strahler</edomvds></edom><edom><edomv>6</edomv><edomvd>Sixth Order Stream - Formed by the confluence of fifth order streams</edomvd></edom></attrdomv></attr></detailed></eainfo><distinfo><distrib><cntinfo><cntorgp><cntorg>University of Rhode Island Environmental Data Center</cntorg><cntper>Erica Tefft</cntper></cntorgp><cntaddr><addrtype>mailing and physical</addrtype><address>1 Greenhouse Road</address><city>Kingston</city><state>RI</state><postal>02881</postal></cntaddr><cntvoice>401-874-5054</cntvoice><cntemail>erica@edc.uri.edu</cntemail><cntinst>email preferred</cntinst></cntinfo></distrib><distliab>This dataset is provided 'as is.'  The producer(s) of this dataset, contributors to this dataset, the Rhode Island Geographic Information System (RIGIS) consortium, the State of Rhode Island, and the University of Rhode Island do not make any warranties of any kind for this dataset, and are not liable for any loss or damage however and whenever caused by any use of this dataset.</distliab><stdorder><digform><digtinfo><formname>Esri shapefile</formname><filedec>ZIP</filedec></digtinfo><digtopt><onlinopt><computer><networka><networkr>http://www.rigis.org</networkr></networka></computer></onlinopt></digtopt></digform><fees>No fee for downloading directly from the RIGIS Data Distribution System located at http://www.rigis.org.</fees></stdorder></distinfo><metainfo><metd>20071204</metd><metrd>20080415</metrd><metc><cntinfo><cntorgp><cntorg>RI Department of Administration; Division of Information Technology</cntorg><cntper>John Stachelhaus</cntper></cntorgp><cntpos>RIGIS Coordinator</cntpos><cntaddr><addrtype>mailing address</addrtype><address>1 Capitol Hill</address><city>Providence</city><state>Rhode Island</state><postal>02908</postal><country>USA</country></cntaddr><cntvoice>401-222-6483</cntvoice><cntfax>401-222-6482</cntfax><cntemail>rigis@admin.ri.gov</cntemail><hours>8:00 - 3:30</hours><cntinst>E-mail preferred</cntinst></cntinfo></metc><metstdn>FGDC Content Standards for Digital Geospatial Metadata</metstdn><metstdv>FGDC-STD-001-1998</metstdv><mettc>local time</mettc><metextns><onlink>http://www.esri.com/metadata/esriprof80.html</onlink><metprof>ESRI Metadata Profile</metprof></metextns></metainfo></metadata>