<?xml version="1.0" encoding="UTF-8"?>
<metadata xml:lang="en">
<Esri>
<CreaDate>20220104</CreaDate>
<CreaTime>14240100</CreaTime>
<ArcGISFormat>1.0</ArcGISFormat>
<SyncOnce>FALSE</SyncOnce>
<DataProperties>
<itemProps>
<itemName Sync="TRUE">RI_Natural_Heritage_Area_Dec2021</itemName>
<itemSize Sync="TRUE">0.693</itemSize>
<imsContentType Sync="TRUE">002</imsContentType>
<nativeExtBox>
<westBL Sync="TRUE">220477.074278</westBL>
<eastBL Sync="TRUE">431177.074137</eastBL>
<southBL Sync="TRUE">21867.313738</southBL>
<northBL Sync="TRUE">339145.393091</northBL>
<exTypeCode Sync="TRUE">1</exTypeCode>
</nativeExtBox>
</itemProps>
<coordRef>
<type Sync="TRUE">Projected</type>
<geogcsn Sync="TRUE">GCS_North_American_1983</geogcsn>
<csUnits Sync="TRUE">Linear Unit: Foot_US (0.304801)</csUnits>
<projcsn Sync="TRUE">NAD_1983_StatePlane_Rhode_Island_FIPS_3800_Feet</projcsn>
<peXml Sync="TRUE">&lt;ProjectedCoordinateSystem xsi:type='typens:ProjectedCoordinateSystem' xmlns:xsi='http://www.w3.org/2001/XMLSchema-instance' xmlns:xs='http://www.w3.org/2001/XMLSchema' xmlns:typens='http://www.esri.com/schemas/ArcGIS/2.9.0'&gt;&lt;WKT&gt;PROJCS[&amp;quot;NAD_1983_StatePlane_Rhode_Island_FIPS_3800_Feet&amp;quot;,GEOGCS[&amp;quot;GCS_North_American_1983&amp;quot;,DATUM[&amp;quot;D_North_American_1983&amp;quot;,SPHEROID[&amp;quot;GRS_1980&amp;quot;,6378137.0,298.257222101]],PRIMEM[&amp;quot;Greenwich&amp;quot;,0.0],UNIT[&amp;quot;Degree&amp;quot;,0.0174532925199433]],PROJECTION[&amp;quot;Transverse_Mercator&amp;quot;],PARAMETER[&amp;quot;False_Easting&amp;quot;,328083.3333333333],PARAMETER[&amp;quot;False_Northing&amp;quot;,0.0],PARAMETER[&amp;quot;Central_Meridian&amp;quot;,-71.5],PARAMETER[&amp;quot;Scale_Factor&amp;quot;,0.99999375],PARAMETER[&amp;quot;Latitude_Of_Origin&amp;quot;,41.08333333333334],UNIT[&amp;quot;Foot_US&amp;quot;,0.3048006096012192],AUTHORITY[&amp;quot;EPSG&amp;quot;,3438]]&lt;/WKT&gt;&lt;XOrigin&gt;-18120300&lt;/XOrigin&gt;&lt;YOrigin&gt;-47742100&lt;/YOrigin&gt;&lt;XYScale&gt;137242312.64623272&lt;/XYScale&gt;&lt;ZOrigin&gt;-100000&lt;/ZOrigin&gt;&lt;ZScale&gt;10000&lt;/ZScale&gt;&lt;MOrigin&gt;-100000&lt;/MOrigin&gt;&lt;MScale&gt;10000&lt;/MScale&gt;&lt;XYTolerance&gt;0.0032808333333333331&lt;/XYTolerance&gt;&lt;ZTolerance&gt;0.001&lt;/ZTolerance&gt;&lt;MTolerance&gt;0.001&lt;/MTolerance&gt;&lt;HighPrecision&gt;true&lt;/HighPrecision&gt;&lt;WKID&gt;102730&lt;/WKID&gt;&lt;LatestWKID&gt;3438&lt;/LatestWKID&gt;&lt;/ProjectedCoordinateSystem&gt;</peXml>
</coordRef>
</DataProperties>
<SyncDate>20220712</SyncDate>
<SyncTime>11520100</SyncTime>
<ModDate>20220712</ModDate>
<ModTime>12514800</ModTime>
<scaleRange>
<minScale>150000000</minScale>
<maxScale>5000</maxScale>
</scaleRange>
<ArcGISProfile>FGDC</ArcGISProfile>
</Esri>
<mdChar>
<CharSetCd value="004">
</CharSetCd>
</mdChar>
<mdHrLv>
<ScopeCd value="005">
</ScopeCd>
</mdHrLv>
<mdContact>
<rpIndName>Paul Jordan</rpIndName>
<rpOrgName>Rhode Island Department of Environmental Management</rpOrgName>
<rpPosName>Supervising GIS Specialist</rpPosName>
<rpCntInfo>
<cntPhone>
<voiceNum>(401)222-2776 x4315</voiceNum>
</cntPhone>
<cntAddress addressType="both">
<delPoint>235 Promenade Street</delPoint>
<city>Providence</city>
<adminArea>RI</adminArea>
<postCode>02908</postCode>
<country>US</country>
<eMailAdd>paul.jordan@dem.ri.gov</eMailAdd>
</cntAddress>
<cntInstr>email is preferred</cntInstr>
</rpCntInfo>
<role>
<RoleCd value="007">
</RoleCd>
</role>
</mdContact>
<mdDateSt Sync="TRUE">20220712</mdDateSt>
<mdStanName>ArcGIS Metadata</mdStanName>
<mdStanVer>1.0</mdStanVer>
<distInfo>
<distributor>
<distorCont>
<rpPosName>RIGIS Data Manager</rpPosName>
<rpCntInfo>
<cntAddress addressType="both">
<delPoint>1 Greenhouse Road</delPoint>
<city>Kingston</city>
<adminArea>RI</adminArea>
<postCode>02881</postCode>
<eMailAdd>rigis@uri.edu</eMailAdd>
</cntAddress>
<cntPhone>
<voiceNum tddtty="">401</voiceNum>
</cntPhone>
</rpCntInfo>
<role>
<RoleCd value="005">
</RoleCd>
</role>
<rpIndName>RIGIS Data Manager</rpIndName>
</distorCont>
<distorOrdPrc>
<resFees units="">No fee for downloading directly from the RIGIS Data Distribution System located at https://www.rigis.org.</resFees>
</distorOrdPrc>
<distorFormat>
<formatName>Esri shapefile</formatName>
<fileDecmTech>ZIP</fileDecmTech>
</distorFormat>
<distorTran>
<onLineSrc>
<linkage>https://www.rigis.org</linkage>
<orFunct>
<OnFunctCd value="005">
</OnFunctCd>
</orFunct>
</onLineSrc>
</distorTran>
</distributor>
<distTranOps>
<onLineSrc>
<linkage>https://data.rigis.org/BIO/natHeritage21.zip</linkage>
<protocol>HTTPS</protocol>
<orName>natHeritage21.zip</orName>
<orDesc>Original source dataset as distributed using the RI State Plane feet (NAD83) (EPSG 3438) coordinate system </orDesc>
</onLineSrc>
<transSize Sync="TRUE">0.693</transSize>
</distTranOps>
<distFormat>
<formatName Sync="TRUE">
</formatName>
</distFormat>
</distInfo>
<dataIdInfo>
<idCitation>
<resTitle>Natural Heritage Areas; natHeritage21</resTitle>
<date>
<pubDate>2018-11-27</pubDate>
</date>
<citRespParty>
<rpOrgName>Rhode Island Department of Environmental Management</rpOrgName>
<role>
<RoleCd value="006">
</RoleCd>
</role>
</citRespParty>
<citRespParty>
<rpOrgName>Rhode Island Department of Environmental Management</rpOrgName>
<rpCntInfo>
<cntAddress>
<delPoint>Providence, Rhode Island</delPoint>
</cntAddress>
</rpCntInfo>
<role>
<RoleCd value="010">
</RoleCd>
</role>
</citRespParty>
<presForm>
<PresFormCd value="005">
</PresFormCd>
</presForm>
<presForm>
<fgdcGeoform>vector digital data</fgdcGeoform>
</presForm>
<otherCitDet>Suggested bibliographic reference: RIGIS, 2018. Rhode Island Natural Heritage Areas; natHeritage18. Rhode Island Geographic Information System (RIGIS) Data Distribution System, URL: http://www.rigis.org, Environmental Data Center, University of Rhode Island, Kingston, Rhode Island (last date accessed: 7 January 2019).</otherCitDet>
<collTitle>Rhode Island Geographic Information System (RIGIS) Data Distribution System</collTitle>
</idCitation>
<idAbs>&lt;DIV STYLE="text-align:Left;"&gt;&lt;DIV&gt;&lt;P&gt;&lt;SPAN&gt;The Natural Heritage Areas were developed from a kernel density analysis of Heritage data element occurrences (EO). The calculation, based on a 30 meter pixel size, determines the mean number of EOs per square kilometer for each pixel. Non-statistically significant areas were eliminated and the remaining areas converted to a polygon dataset. Element Occurrences are discreet observations of a community or nesting site of State or Federally listed rare or threatened species OR species deemed noteworthy by the State.&lt;/SPAN&gt;&lt;/P&gt;&lt;/DIV&gt;&lt;/DIV&gt;</idAbs>
<idPurp>Dataset was developed as an aid in the identification and protection of plant and animal species listed in the RI Natural Heritage Data. This iteration is an interim product subject to change in the short term as additional records are added to the data and more thought is given to additional natural communities or habitat that should be included herein.</idPurp>
<idCredit>Rhode Island Department of Environmental Management, The Nature Conservancy, The Rhode Island Natural History Survey, University of Rhode Island Environmental Data Center</idCredit>
<idStatus>
<ProgCd value="001">
</ProgCd>
</idStatus>
<idPoC>
<rpIndName>Paul Jordan</rpIndName>
<rpOrgName>Rhode Island Department of Environmental Management</rpOrgName>
<rpPosName>Supervising GIS Specialist</rpPosName>
<rpCntInfo>
<cntPhone>
<voiceNum>(401)222-2776 x4315</voiceNum>
</cntPhone>
<cntAddress addressType="both">
<delPoint>235 Promenade Street</delPoint>
<city>Providence</city>
<adminArea>RI</adminArea>
<postCode>02908</postCode>
<country>US</country>
<eMailAdd>paul.jordan@dem.ri.gov</eMailAdd>
</cntAddress>
<cntInstr>email is preferred</cntInstr>
</rpCntInfo>
<role>
<RoleCd value="007">
</RoleCd>
</role>
</idPoC>
<resMaint>
<maintFreq>
<MaintFreqCd value="010">
</MaintFreqCd>
</maintFreq>
</resMaint>
<placeKeys>
<keyword>United States</keyword>
<keyword>Rhode Island</keyword>
<keyword>New England</keyword>
</placeKeys>
<themeKeys>
<keyword>biology</keyword>
<keyword>flora</keyword>
<keyword>ridem</keyword>
<keyword>threatned</keyword>
<keyword>fauna</keyword>
<keyword>rare</keyword>
<keyword>tnc</keyword>
<keyword>ecosystem</keyword>
<keyword>element occurrence</keyword>
<keyword>heritage</keyword>
<keyword>natural history</keyword>
</themeKeys>
<themeKeys>
<thesaName>
<resTitle>ISO 19115 Topic Category</resTitle>
</thesaName>
<keyword>biota</keyword>
</themeKeys>
<searchKeys>
<keyword>biology</keyword>
<keyword>flora</keyword>
<keyword>ridem</keyword>
<keyword>threatned</keyword>
<keyword>fauna</keyword>
<keyword>rare</keyword>
<keyword>tnc</keyword>
<keyword>ecosystem</keyword>
<keyword>element occurrence</keyword>
<keyword>heritage</keyword>
<keyword>natural history</keyword>
<keyword>biota</keyword>
<keyword>United States</keyword>
<keyword>Rhode Island</keyword>
<keyword>New England</keyword>
</searchKeys>
<resConst>
<Consts>
<useLimit>&lt;DIV STYLE="text-align:Left;"&gt;&lt;DIV&gt;&lt;P&gt;&lt;SPAN&gt;This dataset is provided 'as is.’ The producer(s) of this dataset, contributors to this dataset, the Rhode Island Geographic Information System (RIGIS) consortium, the State of Rhode Island, and the University of Rhode Island do not make any warranties of any kind for this dataset, and are not liable for any loss or damage however and whenever caused by any use of this dataset. Please acknowledge both RIGIS and the primary producer(s) of this dataset in any derived products. Versions of the RIGIS logo suitable for both printed and web-based products are available at https://info.rigis.org/logos.&lt;/SPAN&gt;&lt;/P&gt;&lt;/DIV&gt;&lt;/DIV&gt;</useLimit>
</Consts>
</resConst>
<resConst>
<LegConsts>
<useLimit>This dataset is provided 'as is.' The producer(s) of this dataset, contributors to this dataset, the Rhode Island Geographic Information System (RIGIS) consortium, the State of Rhode Island, and the University of Rhode Island do not make any warranties of any kind for this dataset, and are not liable for any loss or damage however and whenever caused by any use of this dataset.</useLimit>
</LegConsts>
</resConst>
<aggrInfo>
<aggrDSName>
<resTitle>Rhode Island Geographic Information System (RIGIS) Data Distribution System</resTitle>
<date>
<pubDate>1993-01-01</pubDate>
</date>
<citRespParty>
<rpOrgName>Rhode Island Geographic Information System (RIGIS)</rpOrgName>
<role>
<RoleCd value="006">
</RoleCd>
</role>
</citRespParty>
<citOnlineRes>
<linkage>http://www.rigis.org</linkage>
</citOnlineRes>
</aggrDSName>
<assocType>
<AscTypeCd value="002">
</AscTypeCd>
</assocType>
</aggrInfo>
<spatRpType>
<SpatRepTypCd value="001">
</SpatRepTypCd>
</spatRpType>
<dataExt>
<geoEle>
<GeoBndBox>
<exTypeCode>true</exTypeCode>
<westBL>-71.898107</westBL>
<eastBL>-71.119829</eastBL>
<northBL>42.015708</northBL>
<southBL>41.147272</southBL>
</GeoBndBox>
</geoEle>
</dataExt>
<dataExt>
<exDesc>publication date</exDesc>
<tempEle>
<TempExtent>
<exTemp>
<TM_Instant>
<tmPosition>2018-11-27</tmPosition>
</TM_Instant>
</exTemp>
</TempExtent>
</tempEle>
</dataExt>
<envirDesc Sync="FALSE">Esri ArcGIS 12.9.3.32739</envirDesc>
<dataLang>
<languageCode value="eng" Sync="TRUE">
</languageCode>
<countryCode value="USA" Sync="TRUE">
</countryCode>
</dataLang>
<dataExt>
<geoEle>
<GeoBndBox esriExtentType="search">
<exTypeCode Sync="TRUE">1</exTypeCode>
<westBL Sync="TRUE">-71.895959</westBL>
<eastBL Sync="TRUE">-71.120645</eastBL>
<northBL Sync="TRUE">42.014075</northBL>
<southBL Sync="TRUE">41.142687</southBL>
</GeoBndBox>
</geoEle>
</dataExt>
<tpCat>
<TopicCatCd value="002">
</TopicCatCd>
</tpCat>
</dataIdInfo>
<mdMaint>
<maintFreq>
<MaintFreqCd value="012">
</MaintFreqCd>
</maintFreq>
<maintNote>Last metadata review date: 2019-01-08</maintNote>
</mdMaint>
<dqInfo>
<dqScope>
<scpLvl>
<ScopeCd value="005">
</ScopeCd>
</scpLvl>
</dqScope>
<report type="DQConcConsis">
<measDesc>(none provided)</measDesc>
</report>
<report type="DQCompOm">
<measDesc>(none provided)</measDesc>
</report>
<dataLineage>
<statement>Data contributed to RIGIS by the Rhode Island Department of Environmental Management in June 2022.
</statement>
<prcStep>
<stepDesc>The Natural Heritage Areas were developed from a kernel density analysis of Heritage data element occurrences (EO). The calculation, based on a 30 meter pixel size, determines the mean number of EOs per square kilometer for each pixel. Non-statistically significant areas were eliminated and the remaining areas converted to a polygon dataset. Element Occurrences are discreet observations of a community or nesting site of State or Federally listed rare or threatened species OR species deemed noteworthy by the State.</stepDesc>
<stepProc>
<rpIndName>Paul Jordan</rpIndName>
<rpOrgName>Rhode Island Department of Environmental Management</rpOrgName>
<rpPosName>Supervising GIS Specialist</rpPosName>
<rpCntInfo>
<cntPhone>
<voiceNum>(401)222-2776 x4315</voiceNum>
</cntPhone>
<cntAddress addressType="both">
<delPoint>235 Promenade Street</delPoint>
<city>Providence</city>
<adminArea>RI</adminArea>
<postCode>02908</postCode>
<country>US</country>
<eMailAdd>paul.jordan@dem.ri.gov</eMailAdd>
</cntAddress>
<cntInstr>email is preferred</cntInstr>
</rpCntInfo>
<role>
<RoleCd value="009">
</RoleCd>
</role>
</stepProc>
<stepDateTm>2022-01-04T00:00:00</stepDateTm>
</prcStep>
<prcStep>
<stepDesc>Data contributed to RIGIS by the Rhode Island Department of Environmental Management June 2022. Minor formatting and content updates made to metadata before publication to RIGIS.</stepDesc>
<stepDateTm>2022-07-12T00:00:00</stepDateTm>
<stepProc>
<rpIndName>RIGIS Data Manager</rpIndName>
<rpCntInfo>
<cntAddress addressType="both">
<city>Kingston</city>
<adminArea>RI</adminArea>
<postCode>02881</postCode>
<eMailAdd>rigis@uri.edu</eMailAdd>
<country>US</country>
</cntAddress>
<cntPhone>
<voiceNum tddtty="">401</voiceNum>
</cntPhone>
</rpCntInfo>
<rpPosName>RIGIS Data Manager</rpPosName>
<displayName>Aimee Mandeville</displayName>
<role>
<RoleCd value="005">
</RoleCd>
</role>
</stepProc>
</prcStep>
</dataLineage>
</dqInfo>
<spatRepInfo>
<VectSpatRep>
<geometObjs Name="RI_Natural_Heritage_Area_Dec2021">
<geoObjTyp>
<GeoObjTypCd value="002" Sync="TRUE">
</GeoObjTypCd>
</geoObjTyp>
<geoObjCnt Sync="TRUE">233</geoObjCnt>
</geometObjs>
<topLvl>
<TopoLevCd value="001" Sync="TRUE">
</TopoLevCd>
</topLvl>
</VectSpatRep>
</spatRepInfo>
<eainfo>
<detailed Name="RI_Natural_Heritage_Area_Dec2021">
<enttyp>
<enttypl>natHeritage21</enttypl>
<enttypt Sync="TRUE">Feature Class</enttypt>
<enttypc Sync="TRUE">233</enttypc>
</enttyp>
<attr>
<attrlabl>FID</attrlabl>
<attrdef>Internal feature number.</attrdef>
<attrdefs>Esri</attrdefs>
<attrdomv>
<udom>Sequential unique whole numbers that are automatically generated.</udom>
</attrdomv>
<attrtype>numeric</attrtype>
</attr>
<attr>
<attrlabl>Shape</attrlabl>
<attrdef>Feature geometry.</attrdef>
<attrdefs>Esri</attrdefs>
<attrdomv>
<udom>Coordinates defining the features.</udom>
</attrdomv>
</attr>
<attr>
<attrlabl>Id</attrlabl>
</attr>
<attr>
<attrlabl>gridcode</attrlabl>
</attr>
</detailed>
</eainfo>
<mdLang>
<languageCode value="eng" Sync="TRUE">
</languageCode>
<countryCode value="USA" Sync="TRUE">
</countryCode>
</mdLang>
<mdHrLvName Sync="TRUE">dataset</mdHrLvName>
<refSysInfo>
<RefSystem>
<refSysID>
<identCode code="3438" Sync="TRUE">
</identCode>
<idCodeSpace Sync="TRUE">EPSG</idCodeSpace>
<idVersion Sync="TRUE">6.12(9.3.0.0)</idVersion>
</refSysID>
</RefSystem>
</refSysInfo>
<spdoinfo>
<ptvctinf>
<esriterm Name="RI_Natural_Heritage_Area_Dec2021">
<efeatyp Sync="TRUE">Simple</efeatyp>
<efeageom code="4" Sync="TRUE">
</efeageom>
<esritopo Sync="TRUE">FALSE</esritopo>
<efeacnt Sync="TRUE">233</efeacnt>
<spindex Sync="TRUE">TRUE</spindex>
<linrefer Sync="TRUE">FALSE</linrefer>
</esriterm>
</ptvctinf>
</spdoinfo>
</metadata>
