<?xml version="1.0" encoding="UTF-8"?>
<metadata>
<idinfo>
<citation>
<citeinfo>
<origin>Rhode Island Department of Environmental Management</origin>
<pubdate>20181127</pubdate>
<title>Natural Heritage Areas; natHeritage21</title>
<geoform>vector digital data</geoform>
<pubinfo>
<pubplace>Providence, Rhode Island</pubplace>
<publish>Rhode Island Department of Environmental Management</publish>
</pubinfo>
<othercit>Suggested bibliographic reference: RIGIS, 2018. Rhode Island Natural Heritage Areas; natHeritage18. Rhode Island Geographic Information System (RIGIS) Data Distribution System, URL: http://www.rigis.org, Environmental Data Center, University of Rhode Island, Kingston, Rhode Island (last date accessed: 7 January 2019).</othercit>
<onlink>https://data.rigis.org/BIO/natHeritage21.zip</onlink>
<lworkcit>
<citeinfo>
<origin>Rhode Island Geographic Information System (RIGIS)</origin>
<pubdate>19930101</pubdate>
<title>Rhode Island Geographic Information System (RIGIS) Data Distribution System</title>
<onlink>http://www.rigis.org</onlink>
</citeinfo>
</lworkcit>
</citeinfo>
</citation>
<descript>
<abstract>The Natural Heritage Areas were developed from a kernel density analysis of Heritage data element occurrences (EO). The calculation, based on a 30 meter pixel size, determines the mean number of EOs per square kilometer for each pixel. Non-statistically significant areas were eliminated and the remaining areas converted to a polygon dataset. Element Occurrences are discreet observations of a community or nesting site of State or Federally listed rare or threatened species OR species deemed noteworthy by the State.</abstract>
<purpose>Dataset was developed as an aid in the identification and protection of plant and animal species listed in the RI Natural Heritage Data. This iteration is an interim product subject to change in the short term as additional records are added to the data and more thought is given to additional natural communities or habitat that should be included herein.</purpose>
</descript>
<timeperd>
<timeinfo>
<sngdate>
<caldate>20181127</caldate>
</sngdate>
</timeinfo>
<current>publication date</current>
</timeperd>
<status>
<progress>Complete</progress>
<update>Irregular</update>
</status>
<spdom>
<bounding>
<westbc>-71.895959</westbc>
<eastbc>-71.120645</eastbc>
<northbc>42.014075</northbc>
<southbc>41.142687</southbc>
</bounding>
</spdom>
<keywords>
<theme>
<themekt>None</themekt>
<themekey>biology</themekey>
<themekey>flora</themekey>
<themekey>ridem</themekey>
<themekey>threatned</themekey>
<themekey>fauna</themekey>
<themekey>rare</themekey>
<themekey>tnc</themekey>
<themekey>ecosystem</themekey>
<themekey>element occurrence</themekey>
<themekey>heritage</themekey>
<themekey>natural history</themekey>
</theme>
<theme>
<themekt>ISO 19115 Topic Category</themekt>
<themekey>biota</themekey>
</theme>
<place>
<placekt>None</placekt>
<placekey>United States</placekey>
<placekey>Rhode Island</placekey>
<placekey>New England</placekey>
</place>
</keywords>
<accconst>None</accconst>
<useconst>This dataset is provided 'as is.’ The producer(s) of this dataset, contributors to this dataset, the Rhode Island Geographic Information System (RIGIS) consortium, the State of Rhode Island, and the University of Rhode Island do not make any warranties of any kind for this dataset, and are not liable for any loss or damage however and whenever caused by any use of this dataset. Please acknowledge both RIGIS and the primary producer(s) of this dataset in any derived products. Versions of the RIGIS logo suitable for both printed and web-based products are available at https://info.rigis.org/logos.</useconst>
<ptcontac>
<cntinfo>
<cntorgp>
<cntorg>Rhode Island Department of Environmental Management</cntorg>
<cntper>Paul Jordan</cntper>
</cntorgp>
<cntpos>Supervising GIS Specialist</cntpos>
<cntaddr>
<addrtype>mailing and physical</addrtype>
<address>235 Promenade Street</address>
<city>Providence</city>
<state>RI</state>
<postal>02908</postal>
<country>US</country>
</cntaddr>
<cntvoice>(401)222-2776 x4315</cntvoice>
<cntemail>paul.jordan@dem.ri.gov</cntemail>
<cntinst>email is preferred</cntinst>
</cntinfo>
</ptcontac>
<datacred>Rhode Island Department of Environmental Management, The Nature Conservancy, The Rhode Island Natural History Survey, University of Rhode Island Environmental Data Center</datacred>
<native>Esri ArcGIS 12.9.3.32739</native>
</idinfo>
<dataqual>
<logic>(none provided)</logic>
<complete>(none provided)</complete>
<lineage>
<procstep>
<procdesc>The Natural Heritage Areas were developed from a kernel density analysis of Heritage data element occurrences (EO). The calculation, based on a 30 meter pixel size, determines the mean number of EOs per square kilometer for each pixel. Non-statistically significant areas were eliminated and the remaining areas converted to a polygon dataset. Element Occurrences are discreet observations of a community or nesting site of State or Federally listed rare or threatened species OR species deemed noteworthy by the State.</procdesc>
<procdate>20220104</procdate>
<proccont>
<cntinfo>
<cntorgp>
<cntorg>Rhode Island Department of Environmental Management</cntorg>
<cntper>Paul Jordan</cntper>
</cntorgp>
<cntpos>Supervising GIS Specialist</cntpos>
<cntaddr>
<addrtype>mailing and physical</addrtype>
<address>235 Promenade Street</address>
<city>Providence</city>
<state>RI</state>
<postal>02908</postal>
<country>US</country>
</cntaddr>
<cntvoice>(401)222-2776 x4315</cntvoice>
<cntemail>paul.jordan@dem.ri.gov</cntemail>
<cntinst>email is preferred</cntinst>
</cntinfo>
</proccont>
</procstep>
<procstep>
<procdesc>Data contributed to RIGIS by the Rhode Island Department of Environmental Management June 2022. Minor formatting and content updates made to metadata before publication to RIGIS.</procdesc>
<procdate>20220712</procdate>
<proccont>
<cntinfo>
<cntperp>
<cntper>RIGIS Data Manager</cntper>
</cntperp>
<cntpos>RIGIS Data Manager</cntpos>
<cntaddr>
<addrtype>mailing and physical</addrtype>
<city>Kingston</city>
<state>RI</state>
<postal>02881</postal>
<country>US</country>
</cntaddr>
<cntvoice>401</cntvoice>
<cntemail>rigis@uri.edu</cntemail>
</cntinfo>
</proccont>
</procstep>
</lineage>
</dataqual>
<spdoinfo>
<direct>Vector</direct>
<ptvctinf>
<sdtsterm>
<sdtstype>GT-polygon composed of chains</sdtstype>
<ptvctcnt>233</ptvctcnt>
</sdtsterm>
</ptvctinf>
</spdoinfo>
<eainfo>
<detailed>
<enttyp>
<enttypl>natHeritage21</enttypl>
</enttyp>
<attr>
<attrlabl>FID</attrlabl>
<attrdef>Internal feature number.</attrdef>
<attrdefs>Esri</attrdefs>
<attrdomv>
<udom>Sequential unique whole numbers that are automatically generated.</udom>
</attrdomv>
</attr>
<attr>
<attrlabl>Shape</attrlabl>
<attrdef>Feature geometry.</attrdef>
<attrdefs>Esri</attrdefs>
<attrdomv>
<udom>Coordinates defining the features.</udom>
</attrdomv>
</attr>
<attr>
<attrlabl>Id</attrlabl>
</attr>
<attr>
<attrlabl>gridcode</attrlabl>
</attr>
</detailed>
</eainfo>
<distinfo>
<distrib>
<cntinfo>
<cntperp>
<cntper>RIGIS Data Manager</cntper>
</cntperp>
<cntpos>RIGIS Data Manager</cntpos>
<cntaddr>
<addrtype>mailing and physical</addrtype>
<address>1 Greenhouse Road</address>
<city>Kingston</city>
<state>RI</state>
<postal>02881</postal>
</cntaddr>
<cntvoice>401</cntvoice>
<cntemail>rigis@uri.edu</cntemail>
</cntinfo>
</distrib>
<distliab>This dataset is provided 'as is.' The producer(s) of this dataset, contributors to this dataset, the Rhode Island Geographic Information System (RIGIS) consortium, the State of Rhode Island, and the University of Rhode Island do not make any warranties of any kind for this dataset, and are not liable for any loss or damage however and whenever caused by any use of this dataset.</distliab>
<stdorder>
<digform>
<digtinfo>
<formname>Esri shapefile</formname>
<filedec>ZIP</filedec>
</digtinfo>
<digtopt>
<onlinopt>
<computer>
<networka>
<networkr>https://www.rigis.org</networkr>
</networka>
</computer>
</onlinopt>
</digtopt>
</digform>
<fees>No fee for downloading directly from the RIGIS Data Distribution System located at https://www.rigis.org.</fees>
</stdorder>
</distinfo>
<metainfo>
<metd>20220712</metd>
<metrd>2019-01-08</metrd>
<metc>
<cntinfo>
<cntorgp>
<cntorg>Rhode Island Department of Environmental Management</cntorg>
<cntper>Paul Jordan</cntper>
</cntorgp>
<cntpos>Supervising GIS Specialist</cntpos>
<cntaddr>
<addrtype>mailing and physical</addrtype>
<address>235 Promenade Street</address>
<city>Providence</city>
<state>RI</state>
<postal>02908</postal>
<country>US</country>
</cntaddr>
<cntvoice>(401)222-2776 x4315</cntvoice>
<cntemail>paul.jordan@dem.ri.gov</cntemail>
<cntinst>email is preferred</cntinst>
</cntinfo>
</metc>
<metstdn>FGDC Content Standard for Digital Geospatial Metadata</metstdn>
<metstdv>FGDC-STD-001-1998</metstdv>
<mettc>local time</mettc>
</metainfo>
</metadata>
